,Gemeindename,average
0,Aadorf,164.17639802631578
1,Aarau,162.06481382122544
2,Aarberg,156.20040404040404
3,Aarburg,159.32458354366483
4,Aarwangen,159.08219178082192
5,Abtwil,156.26287744227352
6,Aclens,150.58480565371025
7,Acquarossa,156.89505119453923
8,Adelboden,181.26721415034743
9,Adligenswil,156.76241557409614
10,Adlikon,163.2597087378641
11,Adliswil,160.44001074835415
12,Aedermannsdorf,168.71044776119402
13,Aefligen,161.95839753466873
14,Aegerten,159.82846371347784
15,Aesch (BL),166.79492481203008
16,Aesch (LU),164.8846625766871
17,Aesch (ZH),163.66915422885572
18,Aeschi (SO),159.6704834605598
19,Aeschi bei Spiez,168.27484333034914
20,Aeugst am Albis,163.72552783109404
21,Affeltrangen,170.88575361321404
22,Affoltern am Albis,159.96893732970028
23,Affoltern im Emmental,167.80333730631705
24,Agarn,173.7505330490405
25,Agiez,152.2200956937799
26,Agno,145.51693667157585
27,Aigle,155.3843204090328
28,Aire-la-Ville,156.41114457831324
29,Airolo,159.13513513513513
30,Alberswil,160.34625322997417
31,Albinen,184.86046511627907
32,Albula/Alvra,178.61111111111111
33,Alchenstorf,158.56626506024097
34,Allaman,158.20472440944883
35,Alle,155.8561967833491
36,Allmendingen,165.87058823529412
37,Allschwil,170.8510045290907
38,Alpnach,159.5406515996478
39,Alpthal,180.3012987012987
40,Altbüron,161.25757575757575
41,Altdorf (UR),157.16214634146343
42,Altendorf,170.76905041031654
43,Alterswil,158.42314647377938
44,Altikon,163.92628992628994
45,Altishofen,158.04422869471412
46,Altnau,163.87165354330708
47,Alto Malcantone,151.60069848661234
48,Altstätten,164.1276965901183
49,Altwis,169.31223628691984
50,Amden,175.79847908745248
51,Amlikon-Bissegg,170.2930648769575
52,Ammerswil,170.37799043062202
53,Amriswil,164.86268861454047
54,Amsoldingen,163.08705882352942
55,Andeer,171.48360655737704
56,Andelfingen,163.2314814814815
57,Andermatt,170.16176470588235
58,Andwil (SG),160.1070143884892
59,Anières,168.7415458937198
60,Anniviers,171.68522601984566
61,Anwil,174.7483870967742
62,Appenzell,147.02025416997617
63,Apples,150.50236966824644
64,Aranno,150.30941704035874
65,Arbaz,170.25454545454545
66,Arbedo-Castione,143.10170505533952
67,Arboldswil,171.4223602484472
68,Arbon,160.2757281553398
69,Arch,163.09513742071883
70,Arconciel,149.54953271028037
71,Ardon,166.7372839506173
72,Arisdorf,169.02829268292683
73,Aristau,162.54821235102926
74,Arlesheim,167.66423179936695
75,Arnex-sur-Nyon,165.84375
76,Arnex-sur-Orbe,150.3295128939828
77,Arni (AG),163.27954779033917
78,Arni (BE),169.1979381443299
79,Arogno,149.33169934640523
80,Arosa,182.0516490354698
81,Arth,163.992464463093
82,Arzier-Le Muids,160.74511041009464
83,Ascona,155.87044776119404
84,Assens,152.9304084720121
85,Astano,155.10824742268042
86,Attalens,151.9375914188201
87,Attinghausen,163.55134474327627
88,Attiswil,165.2879330943847
89,Au (SG),161.48057336854018
90,Aubonne,151.67126084737112
91,Auboranges,161.6759776536313
92,Auenstein,161.41480730223122
93,Augst,172.62438220757826
94,Ausserberg,173.5627118644068
95,Auswil,168.42379182156134
96,Autigny,153.22384937238493
97,Auw,162.45803571428573
98,Avegno Gordevio,147.67396313364054
99,Avenches,154.16192468619246
100,Avers,178.3913043478261
101,Avry,151.07698815566835
102,Avully,155.97542735042734
103,Avusy,158.55148741418765
104,Ayent,168.6968992248062
105,Baar,165.25970240834485
106,Bachenbülach,160.08482563619228
107,Bachs,164.66167664670658
108,Bad Ragaz,166.302897574124
109,Bad Zurzach,166.82110091743118
110,Baden,160.39103963239518
111,Bagnes,184.77449781659388
112,Baldingen,166.69662921348313
113,Balerna,144.295719844358
114,Balgach,159.82305055698373
115,Ballaigues,151.80865224625623
116,Ballens,154.0032362459547
117,Ballwil,156.29658952496956
118,Balm bei Günsberg,168.9248120300752
119,Balsthal,163.5303265940902
120,Baltschieder,170.83904619970193
121,Bannwil,169.4304461942257
122,Bardonnex,153.2765246449457
123,Bargen (BE),161.30134357005758
124,Bargen (SH),175.65816326530611
125,Bas-Intyamon,156.6998892580288
126,Basadingen-Schlattingen,167.35040431266847
127,Basel,165.7264358694574
128,Basse-Allaine,156.34375
129,Bassersdorf,160.27950198484302
130,Bassins,158.44375772558715
131,Bauen,166.2719298245614
132,Baulmes,153.65089722675367
133,Bauma,168.13524590163934
134,Bavois,150.28747795414463
135,Beatenberg,178.5974499089253
136,Beckenried,160.37125748502993
137,Bedano,145.73586654309545
138,Bedigliora,147.56403269754767
139,Bedretto,153.5593220338983
140,Beggingen,186.65277777777777
141,Begnins,160.12532411408816
142,Beinwil (Freiamt),163.9007299270073
143,Beinwil (SO),188.89673913043478
144,Beinwil am See,164.33790455293473
145,Belfaux,152.7436046511628
146,Bellach,158.6304575619979
147,Bellevue,160.2772861356932
148,Bellikon,165.64973544973546
149,Bellinzona,145.20459191696807
150,Bellmund,159.67622461170848
151,Bellwald,170.03286384976525
152,Belmont-Broye,152.89077598828698
153,Belmont-sur-Lausanne,154.70305676855895
154,Belmont-sur-Yverdon,156.10593220338984
155,Belp,159.48459845984598
156,Belprahon,158.07834101382488
157,Benken (SG),169.5669781931464
158,Benken (ZH),163.87444933920705
159,Bennwil,180.20734908136484
160,Bercher,148.581589958159
161,Berg (SG),160.7186046511628
162,Berg (TG),166.6231884057971
163,Berg am Irchel,172.02662721893492
164,Bergdietikon,168.0650298606503
165,Bergün Filisur,179.20042194092827
166,Berikon,163.00698438783894
167,Beringen,165.73353635325466
168,Berken,170.35714285714286
169,Berlingen,173.59128630705393
170,Bern,156.26889980271167
171,Berneck,162.04529788281636
172,Bernex,155.1085409252669
173,Berolle,154.0888888888889
174,Beromünster,158.98094967301677
175,Besenbüren,166.40159574468086
176,Bettenhausen,165.91869918699186
177,Bettens,147.6505376344086
178,Bettingen,165.76447105788424
179,Bettlach,161.96188496188495
180,Bettmeralp,176.04848484848486
181,Bettwiesen,168.3835800807537
182,Bettwil,163.3111111111111
183,Beurnevésin,163.32608695652175
184,Bever,177.23446327683615
185,Bex,156.95948180815876
186,Biasca,146.37125267665954
187,Biberist,159.95712909441232
188,Biberstein,162.86769964243146
189,Bichelsee-Balterswil,168.87551867219918
190,Biel-Benken,171.7535321821036
191,Biel/Bienne,161.68187036843753
192,Biezwil,160.88235294117646
193,Biglen,159.87966417910448
194,Billens-Hennens,153.39246119733926
195,Binn,183.59420289855072
196,Binningen,175.57241379310344
197,Bioggio,146.43547607539875
198,Bioley-Magnoux,139.35294117647058
199,Bioley-Orjulaz,143.9804964539007
200,Birmensdorf (ZH),161.70157771064115
201,Birmenstorf (AG),165.73546325878596
202,Birr,162.0505243088656
203,Birrhard,163.3172268907563
204,Birrwil,168.13020134228188
205,Birsfelden,167.92809278350515
206,Birwinken,165.43927648578813
207,Bischofszell,166.0027108433735
208,Bissone,148.77147239263803
209,Bister,164.8
210,Bitsch,171.02890173410404
211,Bière,153.6591422121896
212,Blatten,175.38028169014083
213,Blauen,173.62558139534883
214,Bleienbach,164.18691588785046
215,Blenio,162.14350180505414
216,Blonay,156.42496240601503
217,Blumenstein,170.2109144542773
218,Bodio,149.1574394463668
219,Bofflens,161.54225352112675
220,Bogis-Bossey,156.17241379310346
221,Bolken,159.6556886227545
222,Bolligen,160.43733231123036
223,Boltigen,190.04342105263157
224,Bonaduz,167.79533213644524
225,Boncourt,153.05633802816902
226,Bonfol,163.55927835051546
227,Boningen,161.5695067264574
228,Boniswil,164.27967097532314
229,Bonstetten,158.6144
230,Bonvillars,151.05016722408027
231,Boppelsen,164.02374670184696
232,Borex,158.579185520362
233,Bosco/Gurin,155.03703703703704
234,Bossonnens,153.64600715137067
235,Boswil,162.5351515151515
236,Bottens,148.80581241743727
237,Bottenwil,169.61759082217972
238,Botterens,153.78248587570621
239,Bottighofen,165.75311720698255
240,Bottmingen,173.68644348690754
241,Boudry,149.10707858428313
242,Bougy-Villars,169.4512987012987
243,Boulens,142.14225941422595
244,Bourg-Saint-Pierre,172.8705035971223
245,Bourg-en-Lavaux,158.48080133555928
246,Bournens,152.9387755102041
247,Bourrignon,157.5430463576159
248,Boussens,148.27631578947367
249,Bovernier,163.6108202443281
250,Bowil,168.6614730878187
251,Boécourt,156.08190476190475
252,Braunau,171.67555555555555
253,Bregaglia,178.328125
254,Breggia,147.16065573770493
255,Breil/Brigels,172.99358974358975
256,Breitenbach,166.40438551759306
257,Bremblens,152.15201900237528
258,Bremgarten (AG),163.5108668498626
259,Bremgarten bei Bern,159.29753521126761
260,Brenzikofen,163.83985765124555
261,Bretigny-sur-Morrens,147.8565965583174
262,Bretonnières,157.2123287671233
263,Bretzwil,174.96100917431193
264,Brienz (BE),165.88713910761155
265,Brienzwiler,170.29929577464787
266,Brig-Glis,171.20423892100192
267,Brione (Verzasca),152.45535714285714
268,Brione sopra Minusio,154.77733598409543
269,Brislach,176.91512513601742
270,Brissago,151.98374679213003
271,Brittnau,159.14292430653504
272,Broc,150.32630863358258
273,Brot-Plamboz,172.68527918781726
274,Brugg,161.5329554995802
275,Brunegg,160.48837209302326
276,Brusino Arsizio,151.0192926045016
277,Brusio,178.44287548138638
278,Brügg,161.3854511100614
279,Brünisried,162.5962441314554
280,Brüttelen,167.92196531791907
281,Brütten,162.61317254174398
282,Bubendorf,166.90606741573035
283,Bubikon,159.58535257282875
284,Buch (SH),171.30392156862746
285,Buch am Irchel,165.1290944123314
286,Buchberg,168.33520599250937
287,Buchegg,161.14629847238544
288,Buchholterberg,175.28703703703704
289,Buchillon,164.31072210065645
290,Buchrain,156.67179487179487
291,Buchs (AG),160.47721822541968
292,Buchs (SG),161.89520590043023
293,Buchs (ZH),158.5895865237366
294,Buckten,170.68856447688563
295,Bulle,151.27705662180458
296,Bullet,157.49400479616307
297,Buochs,158.2392061281337
298,Bure,159.80200501253134
299,Burg (AG),162.65656565656565
300,Burg im Leimental,180.28205128205127
301,Burgdorf,159.07780320366132
302,Burgistein,165.71533923303835
303,Bursinel,173.46372239747635
304,Bursins,157.73517786561266
305,Burtigny,160.97641509433961
306,Buseno,147.23076923076923
307,Bussigny,147.34140336479277
308,Bussnang,169.5543307086614
309,Busswil bei Melchnau,161.93388429752065
310,Bussy-Chardonney,151.6504424778761
311,Bussy-sur-Moudon,153.5985401459854
312,Buttisholz,160.56923076923076
313,Buttwil,158.57295850066933
314,Buus,173.49272727272728
315,Bäretswil,165.86545875096377
316,Bäriswil,164.540350877193
317,Bärschwil,173.9750566893424
318,Bätterkinden,157.2245922208281
319,Bättwil,169.0112
320,Böbikon,167.53982300884957
321,Böckten,170.4646680942184
322,Bönigen,168.40472027972027
323,Bösingen,153.8753142282554
324,Böttstein,166.0391115403187
325,Bözberg,170.27200902934538
326,Bözen,163.367816091954
327,Büetigen,161.1507430997877
328,Bühl,165.96113074204948
329,Bühler,172.0834213305174
330,Bülach,159.0554338299737
331,Bünzen,166.0257234726688
332,Bürchen,171.6456043956044
333,Büren (SO),170.78815080789946
334,Büren an der Aare,161.5743455497382
335,Bürglen (TG),167.51468594667872
336,Bürglen (UR),165.4009831460674
337,Büron,158.46165191740414
338,Büsserach,167.12462006079028
339,Bütschwil-Ganterschwil,166.9433962264151
340,Büttenhardt,167.61570247933884
341,Büttikon,164.9496644295302
342,Cademario,146.81140350877192
343,Cadempino,142.7731092436975
344,Cadenazzo,147.9029810298103
345,Calanca,152.24590163934425
346,Cama,148.02689486552566
347,Campo (Vallemaggia),178.65625
348,Canobbio,147.26808834729627
349,Capriasca,147.27195089404856
350,Carouge (GE),157.83985707324996
351,Cartigny,157.273851590106
352,Caslano,144.9558886509636
353,Castaneda,160.125
354,Castel San Pietro,144.83651804670913
355,Casti-Wergenstein,168.77272727272728
356,Cazis,168.782464846981
357,Celerina/Schlarigna,179.8563283922463
358,Centovalli,151.60678925035361
359,Cerentino,168.79166666666666
360,Cevio,149.79190751445086
361,Chalais,166.40490533562823
362,Cham,160.7297180043384
363,Chamblon,152.6742671009772
364,Chamoson,167.35775862068965
365,Champagne,152.1414309484193
366,Champoz,169.73394495412845
367,Champtauroz,151.765625
368,Champvent,149.85925925925926
369,Champéry,177.7222808870116
370,Chancy,158.6261904761905
371,Chapelle (Glâne),156.26589595375722
372,Chardonne,157.9870290302656
373,Charrat,163.08656957928804
374,Chavannes-de-Bogis,162.1467136150235
375,Chavannes-des-Bois,158.57570093457943
376,Chavannes-le-Chêne,155.72538860103626
377,Chavannes-le-Veyron,153.97938144329896
378,Chavannes-près-Renens,153.88280974232262
379,Chavannes-sur-Moudon,164.92307692307693
380,Chavornay,150.29019607843136
381,Cheiry,152.04583333333332
382,Cheseaux-Noréaz,153.416
383,Cheseaux-sur-Lausanne,150.41116751269035
384,Chessel,150.94820717131475
385,Chevilly,147.8556701030928
386,Chevroux,156.0142857142857
387,Chexbres,153.20045385779122
388,Cheyres-Châbles,152.50346740638003
389,Chiasso,145.09007726718178
390,Chigny,154.66129032258064
391,Chippis,163.9755600814664
392,Choulex,163.50493421052633
393,Chur,166.50105848908245
394,Churwalden,173.8851485148515
395,Château-d'Oex,172.21157024793388
396,Châtel-Saint-Denis,155.22877192982457
397,Châtel-sur-Montsalvens,161.36477987421384
398,Châtillon (FR),149.656462585034
399,Châtillon (JU),154.06228373702422
400,Châtonnaye,149.64406779661016
401,Chénens,150.6
402,Chéserex,162.36251541307027
403,Chêne-Bougeries,166.74240177909562
404,Chêne-Bourg,158.875
405,Chêne-Pâquier,142.52272727272728
406,Clarmont,150.64893617021278
407,Clavaleyres,167.58333333333334
408,Clos du Doubs,163.1903584672435
409,Coeuve,155.95488721804512
410,Coinsins,161.48125
411,Coldrerio,142.67404537908135
412,Collex-Bossy,155.98288508557457
413,Collina d'Oro,158.51616
414,Collombey-Muraz,158.94128113879003
415,Collonge-Bellerive,166.81654436290862
416,Collonges,167.63765182186233
417,Cologny,175.73229649238914
418,Comano,148.76967688483845
419,Commugny,165.35558252427185
420,Concise,152.26287744227352
421,Confignon,156.74016853932585
422,Conters im Prättigau,176.1743119266055
423,Conthey,167.41285055023073
424,Coppet,163.0135363790186
425,Corbeyrier,161.7871485943775
426,Corbières,154.67888307155323
427,Corcelles (BE),175.14634146341464
428,Corcelles-Cormondrèche,152.0029895366218
429,Corcelles-le-Jorat,156.1377049180328
430,Corcelles-près-Concise,149.97142857142856
431,Corcelles-près-Payerne,151.08565310492506
432,Corgémont,158.5171624713959
433,Corippo,184.66666666666666
434,Corminboeuf,151.2054707379135
435,Cormoret,168.3872053872054
436,Cornaux,148.8404255319149
437,Cornol,156.6159169550173
438,Corseaux,153.88492063492063
439,Corserey,151.82509505703422
440,Corsier (GE),166.3066554338669
441,Corsier-sur-Vevey,152.0421502748931
442,Cortaillod,149.1458611481976
443,Cortébert,170.21714285714285
444,Cossonay,147.2863227638429
445,Cottens (FR),151.19872611464967
446,Cottens (VD),150.78388278388277
447,Courchapoix,152.34959349593495
448,Courchavon,158.58823529411765
449,Courgenay,154.54310980103168
450,Courgevaux,156.20987654320987
451,Courrendlin,157.07369758576874
452,Courroux,155.298769771529
453,Court,164.53117505995203
454,Courtedoux,157.17910447761193
455,Courtelary,161.42069892473117
456,Courtepin,153.5389876880985
457,Courtételle,153.47083926031294
458,Crans-Montana,171.1021662763466
459,Crans-près-Céligny,166.163280662152
460,Crassier,153.17671809256663
461,Cressier (FR),151.65718799368088
462,Cressier (NE),152.93830570902395
463,Crissier,150.12681693701285
464,Croglio,151.09775429326288
465,Cronay,146.44976076555025
466,Croy,148.05154639175257
467,Crémines,167.043321299639
468,Crésuz,159.96581196581195
469,Cuarnens,158.0177304964539
470,Cuarny,156.26282051282053
471,Cudrefin,151.9206500956023
472,Cugnasco-Gerra,146.94247787610618
473,Cugy (FR),152.44866920152091
474,Cugy (VD),152.04436450839327
475,Cureglia,147.99892588614392
476,Curio,147.0722543352601
477,Curtilles,150.56613756613757
478,Céligny,168.33489461358315
479,Dachsen,160.24242424242425
480,Dagmersellen,158.965112591183
481,Daillens,146.90557275541795
482,Dallenwil,158.886
483,Dalpe,156.67241379310346
484,Damphreux,160.99065420560748
485,Dardagny,159.60944206008583
486,Davos,177.33523158694
487,Degersheim,167.12633352049411
488,Deisswil bei Münchenbuchsee,158.19117647058823
489,Deitingen,158.4735226400614
490,Delley-Portalban,151.7989417989418
491,Delémont,152.76311118283041
492,Denens,155.1255605381166
493,Denges,150.63841201716738
494,Densbüren,173.36111111111111
495,Derendingen,160.45486211901306
496,Develier,157.00238663484487
497,Diegten,166.07534983853606
498,Dielsdorf,156.44151043041987
499,Diemerswil,157.1157894736842
500,Diemtigen,182.10329985652797
501,Diepflingen,161.2595238095238
502,Diepoldsau,163.09753231492363
503,Dierikon,155.2123287671233
504,Diessbach bei Büren,165.29151943462898
505,Diessenhofen,164.88163662932294
506,Dietikon,160.6281335813624
507,Dietlikon,158.40400202634245
508,Dietwil,158.24289772727272
509,Dinhard,163.88073394495413
510,Dintikon,163.46934140802423
511,Disentis/Mustér,174.06686930091186
512,Dittingen,173.81453634085213
513,Dizy,149.13475177304966
514,Domat/Ems,164.33124018838305
515,Domleschg,166.72241992882562
516,Dompierre (VD),154.44078947368422
517,Donat,183.73846153846154
518,Donneloye,150.19791666666666
519,Doppleschwand,164.68965517241378
520,Dorf,167.62796833773086
521,Dornach,166.69703243616286
522,Dorénaz,173.3878437047757
523,Dottikon,162.53576923076923
524,Dotzigen,158.78172588832487
525,Dozwil,159.36363636363637
526,Drei Höfe,160.66202783300199
527,Duggingen,171.48099606815202
528,Duillier,154.36909871244634
529,Dulliken,164.265475695887
530,Dully,173.72235872235873
531,Dägerlen,162.38825757575756
532,Dällikon,160.02237230899112
533,Däniken,166.82144772117962
534,Dänikon,164.28003875968992
535,Därligen,167.00440528634363
536,Därstetten,186.60576923076923
537,Dättlikon,160.63593380614657
538,Démoret,149.03529411764706
539,Dörflingen,166.92748735244518
540,Döttingen,164.7106804867057
541,Dübendorf,159.91482523101647
542,Düdingen,154.7092893740254
543,Dürnten,162.61149488809065
544,Dürrenroth,167.2510460251046
545,Dürrenäsch,169.3222079589217
546,Ebersecken,168.5962441314554
547,Ebikon,157.4711859025242
548,Ebnat-Kappel,170.9903886335144
549,Echallens,147.66645161290322
550,Echandens,152.61304347826086
551,Echarlens,149.57504873294346
552,Echichens,152.38583175205565
553,Eclépens,148.92838541666666
554,Ecublens (FR),156.30357142857142
555,Ecublens (VD),151.44494773519165
556,Ederswiler,174.41176470588235
557,Effingen,168.41828254847644
558,Egerkingen,162.88867469879517
559,Egg,161.71455223880596
560,Eggenwil,162.81574239713774
561,Eggerberg,172.28934010152284
562,Eggersriet,164.31113058720422
563,Eggiwil,179.93677325581396
564,Eglisau,159.08277227722772
565,Egliswil,164.5060506050605
566,Egnach,165.81749906120916
567,Egolzwil,157.6797619047619
568,Ehrendingen,163.29535864978902
569,Eich,164.1081871345029
570,Eichberg,164.20811287477954
571,Eiken,167.97851112816576
572,Einsiedeln,167.8194495865729
573,Eischoll,172.04098360655738
574,Eisten,180.12
575,Elfingen,169.16923076923078
576,Elgg,163.04955147372917
577,Ellikon an der Thur,163.11560693641619
578,Elsau,161.11933174224345
579,Embd,183.94193548387096
580,Embrach,160.32563161304253
581,Emmen,157.751312335958
582,Emmetten,171.1453692848769
583,Endingen,163.41326137239784
584,Engelberg,172.1974431818182
585,Enges,158.49404761904762
586,Ennetbaden,164.0432868672047
587,Ennetbürgen,160.65303782957585
588,Ennetmoos,160.9808306709265
589,Entlebuch,168.92426755113323
590,Epalinges,151.12859672421425
591,Ependes (FR),147.62686567164178
592,Ependes (VD),155.1697247706422
593,Eppenberg-Wöschnau,160.33333333333334
594,Epsach,167.75135135135136
595,Eptingen,172.4245810055866
596,Ergisch,181.4
597,Eriswil,174.48448043184885
598,Eriz,181.2446483180428
599,Erlach,159.79738562091504
600,Erlen,166.78211227402474
601,Erlenbach (ZH),176.10410334346506
602,Erlenbach im Simmental,171.34506353861192
603,Erlinsbach (AG),164.76894467689448
604,Erlinsbach (SO),162.35351089588377
605,Ermatingen,166.24667729930889
606,Ermensee,158.0409252669039
607,Ernen,175.48014440433212
608,Erschwil,171.27462121212122
609,Ersigen,161.08304498269896
610,Erstfeld,161.71323529411765
611,Eschenbach (LU),156.59605662285136
612,Eschenbach (SG),169.5492208285823
613,Eschenz,166.91849529780563
614,Eschert,166.922131147541
615,Eschlikon,163.28778718258766
616,Escholzmatt-Marbach,176.45249254367278
617,Essertes,158.68
618,Essertines-sur-Rolle,162.3262195121951
619,Essertines-sur-Yverdon,149.0079365079365
620,Estavayer,148.60631025416302
621,Etagnières,150.1072902338377
622,Etoy,153.65005138746145
623,Ettingen,171.52302763315978
624,Ettiswil,161.33685601056803
625,Etziken,162.0910815939279
626,Evilard,163.61447811447812
627,Evionnaz,167.24174653887113
628,Evolène,181.77039848197344
629,Eysins,155.87713675213675
630,Fahrni,170.67391304347825
631,Fahrwangen,167.39070146818923
632,Fahy,158.0418410041841
633,Faido,153.7744488411532
634,Falera,170.33130699088147
635,Faoug,149.1936127744511
636,Farnern,175.9699248120301
637,Fehraltorf,160.94883303411132
638,Fehren,169.01529051987768
639,Felben-Wellhausen,163.0086313193588
640,Feldbrunnen-St. Niklaus,172.35748031496064
641,Felsberg,165.96661237785017
642,Ferden,192.87218045112783
643,Ferenbalm,161.78618421052633
644,Ferpicloz,152.03076923076924
645,Ferrera,166.11111111111111
646,Ferreyres,145.17977528089887
647,Feuerthalen,158.09448818897638
648,Feusisberg,179.7840909090909
649,Fey,150.05741626794259
650,Fideris,170.49546827794563
651,Fiesch,178.15800415800416
652,Fieschertal,168.63194444444446
653,Fiez,152.56060606060606
654,Finhaut,169.4265402843602
655,Finsterhennen,162.99059561128527
656,Fischbach,170.76190476190476
657,Fischbach-Göslikon,164.81012658227849
658,Fischenthal,172.46569646569645
659,Fischingen,170.46197007481297
660,Fisibach,172.2289156626506
661,Fislisbach,160.9785391566265
662,Flaach,162.9692118226601
663,Flawil,162.52885988170507
664,Flerden,168.4436090225564
665,Flims,176.31038798498122
666,Flumenthal,165.83603896103895
667,Flums,171.9212121212121
668,Flurlingen,161.66171617161717
669,Fläsch,166.90167364016736
670,Flüelen,166.9062811565304
671,Flühli,177.11820083682008
672,Fontaines-sur-Grandson,151.07407407407408
673,Fontenais,148.36770833333333
674,Forel (Lavaux),154.91304347826087
675,Forst-Längenbühl,166.1153846153846
676,Founex,165.32798165137615
677,Frasco,154.15151515151516
678,Fraubrunnen,161.59297052154196
679,Frauenfeld,160.04297994269342
680,Frauenkappelen,159.58986175115209
681,Freienbach,173.70553849202417
682,Freienstein-Teufen,158.97000789265982
683,Freienwil,161.56589147286823
684,Freimettigen,158.4229074889868
685,Frenkendorf,165.593614383137
686,Fribourg,154.21858339680122
687,Frick,161.41611670718999
688,Froideville,149.45521390374333
689,Frutigen,171.36734095573146
690,Fräschels,160.4163568773234
691,Fulenbach,159.7919528949951
692,Full-Reuenthal,167.0659793814433
693,Fully,161.8006577745295
694,Furna,195.21904761904761
695,Fällanden,161.78052967140755
696,Féchy,166.37725631768953
697,Fétigny,145.61319340329834
698,Füllinsdorf,169.00211416490487
699,Fürstenau,161.89268292682928
700,Gachnang,162.48547279450608
701,Gais,168.0981554677207
702,Gaiserwald,159.97124600638978
703,Galgenen,169.22607722439844
704,Galmiz,155.02313624678663
705,Gals,154.28601694915255
706,Gambarogno,148.66345335979585
707,Gampel-Bratsch,173.9006968641115
708,Gampelen,161.2248427672956
709,Gams,167.26605005440697
710,Gansingen,170.584142394822
711,Gebenstorf,161.27321048901487
712,Gelterkinden,165.69316987740805
713,Geltwil,169.15328467153284
714,Gempen,170.0954446854664
715,Gempenach,159.0487804878049
716,Genolier,162.4593220338983
717,Genthod,162.00290065264684
718,Genève,164.27066336663916
719,Gerlafingen,160.68283294842186
720,Geroldswil,163.76034958601656
721,Gersau,170.93704006541293
722,Gerzensee,167.18777943368107
723,Gettnau,164.4928684627575
724,Geuensee,156.56063618290258
725,Gibloux,151.80998080614202
726,Giebenach,169.68588770864946
727,Giez,153.59176029962546
728,Giffers,158.61806981519507
729,Gilly,154.14342629482073
730,Gimel,150.5609756097561
731,Gingins,161.91875
732,Giornico,149.31059245960503
733,Gipf-Oberfrick,162.74028856825748
734,Gisikon,161.36148648648648
735,Giswil,164.8173832639852
736,Givisiez,151.0062082139446
737,Givrins,161.85148514851485
738,Gland,152.1793697070665
739,Glarus,164.09684577587572
740,Glarus Nord,163.13587170405353
741,Glarus Süd,168.8559477657621
742,Glattfelden,159.15449541284403
743,Gletterens,150.2566765578635
744,Goldach,159.69828861187406
745,Gollion,147.95390070921985
746,Gommiswald,170.72471358428805
747,Goms,180.00301659125188
748,Gondiswil,167.91211401425178
749,Gonten,173.4848484848485
750,Gontenschwil,169.17032967032966
751,Gordola,146.0388870264834
752,Gossau (SG),160.07620614035088
753,Gossau (ZH),163.12087912087912
754,Gottlieben,173.54301075268816
755,Goumoëns,151.05863708399366
756,Graben,160.85641025641024
757,Grabs,164.8502777777778
758,Grancia,156.04285714285714
759,Grancy,153.40677966101694
760,Grandcour,155.91836734693877
761,Grandevent,167.57861635220127
762,Grandfontaine,159.82488479262673
763,Grandson,150.0081344902386
764,Grandval,161.14225941422595
765,Grandvillard,158.84848484848484
766,Granges (Veveyse),155.3302752293578
767,Granges-Paccot,150.13039568345323
768,Grangettes,161.53488372093022
769,Gravesano,145.32527693857
770,Greifensee,163.2798861480076
771,Grellingen,172.35466377440346
772,Grenchen,163.67681525735293
773,Greng,182.89743589743588
774,Grengiols,183.52
775,Grens,159.78181818181818
776,Greppen,166.25746268656715
777,Gretzenbach,163.18770654329148
778,Grimisuat,166.3232083531087
779,Grindel,170.18867924528303
780,Grindelwald,182.80213631739574
781,Grolley,152.1657754010695
782,Grono,153.6207565470417
783,Grossaffoltern,161.86871673565938
784,Grossdietwil,164.67467248908298
785,Grosshöchstetten,160.54854771784233
786,Grosswangen,162.78841870824053
787,Grub (AR),169.12596899224806
788,Gruyères,153.57241379310344
789,Gryon,173.02576687116564
790,Grächen,180.72037914691944
791,Gränichen,166.1336545777327
792,Grône,165.9558823529412
793,Grüningen,162.42601126472096
794,Grüsch,166.75770925110132
795,Gsteig,194.44224924012158
796,Gsteigwiler,173.4264705882353
797,Guggisberg,180.4341637010676
798,Gunzgen,164.95969289827255
799,Gurbrü,163.31901840490798
800,Gurmels,155.2092034029389
801,Gurtnellen,171.26492537313433
802,Gurzelen,168.15
803,Guttannen,174.78947368421052
804,Guttet-Feschel,173.34728033472803
805,Gy,162.2189781021898
806,Gächlingen,178.85655737704917
807,Gänsbrunnen,179.45833333333334
808,Göschenen,162.65934065934067
809,Gündlischwand,174.4909090909091
810,Günsberg,168.4138418079096
811,Güttingen,166.46598639455783
812,Habkern,195.85852090032154
813,Habsburg,165.18014705882354
814,Hagenbuch,159.51190476190476
815,Hagneck,170.63076923076923
816,Haldenstein,170.49166666666667
817,Hallau,175.27441077441077
818,Hallwil,167.10694183864916
819,Halten,159.63313609467457
820,Hasle (LU),176.06509433962265
821,Hasle bei Burgdorf,166.54830287206266
822,Hasliberg,175.97378277153558
823,Hauenstein-Ifenthal,174.08
824,Hauptwil-Gottshaus,168.3605504587156
825,Hausen (AG),160.24591786244434
826,Hausen am Albis,160.8551912568306
827,Haut-Intyamon,158.2277777777778
828,Haute-Ajoie,163.54095826893354
829,Haute-Sorne,157.29801849405547
830,Hauterive (FR),150.20921985815602
831,Hauterive (NE),151.77377521613832
832,Hauteville,153.88888888888889
833,Hedingen,162.3757431629013
834,Hefenhofen,164.69565217391303
835,Heiden,167.64674698795181
836,Heiligenschwendi,173.13521126760563
837,Heimberg,160.32466311501096
838,Heimenhausen,160.23088235294117
839,Heimiswil,170.33124215809283
840,Heitenried,156.01277372262774
841,Hellikon,172.3107822410148
842,Hellsau,162.77358490566039
843,Hemberg,176.4910536779324
844,Hemishofen,163.2190812720848
845,Hemmiken,173.98529411764707
846,Hendschiken,160.43514644351464
847,Henggart,162.16182170542635
848,Henniez,154.76279069767443
849,Herbetswil,172.83985765124555
850,Herbligen,163.39375
851,Herdern,167.99838187702267
852,Hergiswil (NW),171.7617527568195
853,Hergiswil bei Willisau,172.40444893832154
854,Herisau,163.6135800860159
855,Hermance,164.30578512396696
856,Hermenches,150.75446428571428
857,Hermrigen,174.61352657004832
858,Herrliberg,175.86633197364293
859,Hersberg,164.20975609756098
860,Herznach,161.21230398069963
861,Herzogenbuchsee,161.11648797450013
862,Hettlingen,160.36030428769018
863,Hildisrieden,155.68934911242604
864,Hilterfingen,163.99693877551022
865,Himmelried,172.9636678200692
866,Hindelbank,157.59672386895477
867,Hinwil,163.60788311247026
868,Hirschthal,162.70289132602193
869,Hittnau,162.75459513164432
870,Hitzkirch,160.1769911504425
871,Hochdorf,157.23644637910567
872,Hochfelden,156.3987049028677
873,Hochwald,172.2490372272144
874,Hofstetten bei Brienz,162.17586206896553
875,Hofstetten-Flüh,172.41193853427896
876,Hohenrain,158.84467881112175
877,Hohentannen,169.2513661202186
878,Holderbank (AG),162.44387755102042
879,Holderbank (SO),173.6046511627907
880,Holziken,166.36158192090394
881,Homberg,173.72151898734177
882,Hombrechtikon,162.50057616962434
883,Homburg,171.23036093418258
884,Honau,167.39800995024876
885,Horgen,163.5588611959413
886,Horn,162.4833018273472
887,Hornussen,164.4388888888889
888,Horrenbach-Buchen,193.4945054945055
889,Horriwil,160.9958158995816
890,Horw,161.26819718811177
891,Hospental,172.92307692307693
892,Hubersdorf,160.1021897810219
893,Humlikon,162.74901960784314
894,Hundwil,177.96103896103895
895,Hunzenschwil,163.4783319705642
896,Huttwil,164.73855702094647
897,Häfelfingen,193.20348837209303
898,Hägendorf,163.54017857142858
899,Häggenschwil,163.79399727148703
900,Hägglingen,164.52809798270894
901,Härkingen,158.70223752151463
902,Häutligen,173.87845303867402
903,Hérémence,175.08316221765915
904,Höchstetten,170.9375
905,Hölstein,168.9569413511507
906,Höri,160.2045866022933
907,Hünenberg,163.7428838951311
908,Hüniken,153.1264367816092
909,Hüntwangen,159.58906525573192
910,Hüttikon,162.63564356435643
911,Hüttlingen,169.20634920634922
912,Hüttwilen,165.86318897637796
913,Icogne,172.5625
914,Iffwil,159.5930735930736
915,Ilanz/Glion,172.0265710670603
916,Illgau,179.89356435643563
917,Illnau-Effretikon,161.53846153846155
918,Inden,170.81034482758622
919,Ingenbohl,162.46458724202625
920,Inkwil,164.1552162849873
921,Innerthal,179.26495726495727
922,Innertkirchen,165.72652388797363
923,Ins,158.89275843007186
924,Interlaken,165.51597997689643
925,Inwil,157.68774966711052
926,Ipsach,160.55573333333334
927,Iseltwald,169.16981132075472
928,Isenthal,173.44787644787644
929,Islisberg,165.98
930,Isone,148.81739130434784
931,Isérables,177.77947598253274
932,Itingen,163.42415730337078
933,Ittigen,159.52053966975433
934,Jaberg,162.7123287671233
935,Jaun,179.57784431137725
936,Jegenstorf,159.27028066128412
937,Jenaz,173.23711340206185
938,Jenins,177.32325141776937
939,Jens,165.00531914893617
940,Jonen,162.31126397248497
941,Jongny,149.93155452436196
942,Jonschwil,161.08623939679546
943,Jorat-Menthue,153.71310629514963
944,Jorat-Mézières,149.69030303030303
945,Jouxtens-Mézery,160.58272506082724
946,Juriens,149.765
947,Jussy,161.66797385620916
948,Kaiseraugst,163.06927374301677
949,Kaiserstuhl,165.2202643171806
950,Kaisten,163.1367292225201
951,Kallern,167.3
952,Kallnach,160.35366931918657
953,Kaltbrunn,166.74114331723027
954,Kammersrohr,151.875
955,Kandergrund,184.1158392434988
956,Kandersteg,172.60410094637223
957,Kappel (SO),161.31366822429908
958,Kappel am Albis,159.20701754385965
959,Kappelen,163.28485576923077
960,Kaufdorf,161.2422997946612
961,Kehrsatz,158.1495652173913
962,Kemmental,167.05928338762214
963,Kernenried,163.08169934640523
964,Kerns,163.5903440300665
965,Kerzers,158.37393557941502
966,Kesswil,168.51024208566108
967,Kestenholz,159.11475409836066
968,Kienberg,175.94805194805195
969,Kiesen,156.51809523809524
970,Kilchberg (BL),192.89411764705883
971,Kilchberg (ZH),171.38578274760383
972,Killwangen,164.44859813084113
973,Kippel,180.16901408450704
974,Kirchberg (BE),159.2391167192429
975,Kirchberg (SG),167.36731500111782
976,Kirchdorf (BE),165.09007352941177
977,Kirchenthurnen,161.8783783783784
978,Kirchleerau,162.27407407407406
979,Kirchlindach,160.81440622972096
980,Kleinandelfingen,160.45869947275924
981,Kleinbösingen,158.65848214285714
982,Kleinlützel,169.70524691358025
983,Klingnau,166.13636363636363
984,Klosters-Serneus,179.9680030840401
985,Kloten,160.21510727715108
986,Knonau,154.2623106060606
987,Knutwil,157.20170674941815
988,Koblenz,166.7756264236902
989,Konolfingen,159.676
990,Koppigen,159.9241435562806
991,Kradolf-Schönenberg,166.28076171875
992,Krattigen,167.58415841584159
993,Krauchthal,159.72078376487053
994,Kreuzlingen,161.3835603017537
995,Kriechenwil,163.8388429752066
996,Kriegstetten,160.01237623762376
997,Kriens,156.01088761764163
998,Känerkinden,163.05607476635515
999,Kölliken,162.99434571890146
1000,Köniz,159.15664664726643
1001,Küblis,169.04403669724772
1002,Künten,165.3423967774421
1003,Küsnacht (ZH),176.2240932642487
1004,Küssnacht (SZ),160.9979622333922
1005,Küttigen,163.7558022199798
1006,L'Abbaye,155.38426966292135
1007,L'Abergement,148.34868421052633
1008,L'Isle,151.44788273615634
1009,La Baroche,162.68507462686568
1010,La Brillaz,151.68358714043993
1011,La Brévine,175.23203285420945
1012,La Chaux (Cossonay),152.39344262295083
1013,La Chaux-de-Fonds,155.28614491459194
1014,La Chaux-des-Breuleux,168.52173913043478
1015,La Chaux-du-Milieu,161.30035335689047
1016,La Côte-aux-Fées,167.77173913043478
1017,La Ferrière,168.49462365591398
1018,La Folliaz,157.37194127243066
1019,La Grande Béroche,156.63164579931046
1020,La Neuveville,153.3574423480084
1021,La Praz,155.5607476635514
1022,La Punt-Chamues-ch,182.2422222222222
1023,La Rippe,161.34636118598382
1024,La Roche,156.51012145748987
1025,La Sagne,159.04494382022472
1026,La Sarraz,148.15225160829164
1027,La Sonnaz,150.36962750716333
1028,La Tour-de-Peilz,149.75620322961797
1029,La Tène,153.3120950323974
1030,La Verrerie,158.81303116147308
1031,Laax,178.39414634146343
1032,Lachen,165.2403846153846
1033,Laconnex,153.60152284263958
1034,Lajoux (JU),159.77
1035,Lalden,171.79178885630498
1036,Lamone,143.29708222811672
1037,Lampenberg,169.65972222222223
1038,Lancy,157.65604623592176
1039,Landiswil,174.7774798927614
1040,Landquart,164.3559284116331
1041,Langenbruck,179.2078431372549
1042,Langendorf,157.75193798449612
1043,Langenthal,160.13239247311827
1044,Langnau am Albis,163.50972522383452
1045,Langnau im Emmental,162.70518191841234
1046,Langrickenbach,166.95890410958904
1047,Lantsch/Lenz,175.61904761904762
1048,Lauenen,197.0597014925373
1049,Lauerz,166.48408710217757
1050,Laufen,173.70980240216971
1051,Laufen-Uhwiesen,162.1149289099526
1052,Laufenburg,162.32883558220888
1053,Laupen,160.55251141552512
1054,Laupersdorf,166.5906432748538
1055,Lauperswil,174.25956738768718
1056,Lausanne,152.623013617899
1057,Lausen,167.00754716981132
1058,Lauterbrunnen,176.19929660023448
1059,Lauwil,174.6544502617801
1060,Lavertezzo,150.3793103448276
1061,Lavey-Morcles,154.68333333333334
1062,Lavigny,149.01730103806227
1063,Lavizzara,157.77027027027026
1064,Lax,173.17123287671234
1065,Le Bémont (JU),166.375
1066,Le Cerneux-Péquignot,157.9659090909091
1067,Le Chenit,151.36314363143632
1068,Le Châtelard,172.5137614678899
1069,Le Flon,153.9532324621733
1070,Le Grand-Saconnex,160.5376811594203
1071,Le Landeron,152.11959287531806
1072,Le Lieu,155.5213849287169
1073,Le Locle,156.78751885369533
1074,Le Mont-sur-Lausanne,150.3550996251726
1075,Le Mouret,152.7067231339333
1076,Le Noirmont,159.13236714975847
1077,Le Pâquier (FR),151.2648275862069
1078,Le Vaud,159.48477157360406
1079,Leibstadt,168.16525934861278
1080,Leimbach (AG),171.54212454212455
1081,Leissigen,165.57236842105263
1082,Lengnau (AG),167.52515090543258
1083,Lengnau (BE),161.56640058055152
1084,Lengwil,161.68162839248436
1085,Lenk,185.74317817014446
1086,Lens,183.3410469198851
1087,Lenzburg,160.54668763514843
1088,Les Bois,161.0608695652174
1089,Les Brenets,155.61724659606656
1090,Les Breuleux,160.07260726072607
1091,Les Clées,150.73504273504273
1092,Les Enfers,168.45333333333335
1093,Les Genevez (JU),162.5239520958084
1094,Les Montets,152.01081081081082
1095,Les Planchettes,171.98561151079136
1096,Les Ponts-de-Martel,165.6837146702557
1097,Les Verrières,171.6497461928934
1098,Leuggern,167.51771956856703
1099,Leuk,170.54391304347826
1100,Leukerbad,178.33333333333334
1101,Leutwil,169.35714285714286
1102,Leuzigen,163.3138888888889
1103,Leysin,170.2216456634544
1104,Leytron,167.3371298405467
1105,Lichtensteig,167.66505636070855
1106,Liddes,167.77207392197124
1107,Liedertswil,179.29565217391306
1108,Liesberg,181.6414814814815
1109,Liestal,168.92263652378156
1110,Ligerz,163.60625
1111,Lignerolle,149.67843137254903
1112,Lignières,154.92271293375396
1113,Lindau,161.84196721311474
1114,Linden,170.01478494623655
1115,Linescio,156.63333333333333
1116,Locarno,147.45379377431905
1117,Lohn (GR),166.25
1118,Lohn (SH),158.51443569553805
1119,Lohn-Ammannsegg,159.875
1120,Lohnstorf,159.06140350877192
1121,Lommis,167.3137003841229
1122,Lommiswil,157.47697756788665
1123,Lonay,149.47397094430994
1124,Longirod,158.9126213592233
1125,Losone,146.14627321292292
1126,Lostallo,154.0297951582868
1127,Lostorf,164.87455516014234
1128,Lotzwil,162.97138437741685
1129,Lovatens,153.37362637362637
1130,Loveresse,164.94835680751174
1131,Lucens,150.8644705882353
1132,Lufingen,162.4308943089431
1133,Lugano,150.0285040720103
1134,Lugnez,160.71544715447155
1135,Luins,156.9628647214854
1136,Lully (FR),151.16666666666666
1137,Lully (VD),151.30434782608697
1138,Lumino,143.7728260869565
1139,Lumnezia,178.01392515230634
1140,Lungern,167.14186248912097
1141,Lupfig,161.91831557584982
1142,Lupsingen,172.3924870466321
1143,Lussery-Villars,148.8052805280528
1144,Lussy-sur-Morges,156.1769230769231
1145,Luterbach,159.21819166215485
1146,Luthern,181.02396804260985
1147,Lutry,159.42552064948816
1148,Lutzenberg,171.42727272727274
1149,Luzein,176.30949105914718
1150,Luzern,159.10344597969035
1151,Lyss,159.05215875569857
1152,Lyssach,159.00333704115684
1153,Läufelfingen,177.9095966620306
1154,Löhningen,167.50269541778977
1155,Lüscherz,168.1570996978852
1156,Lüsslingen-Nennigkofen,160.88235294117646
1157,Lüterkofen-Ichertswil,162.2125813449024
1158,Lüterswil-Gächliwil,163.71681415929203
1159,Lütisburg,169.4569653948536
1160,Lütschental,179.54901960784315
1161,Lützelflüh,165.09267631103074
1162,Madiswil,167.8014301430143
1163,Madulain,174.9191176470588
1164,Magden,162.0009818360334
1165,Maggia,148.62101313320827
1166,Magliaso,146.90722761596547
1167,Maienfeld,168.29562841530054
1168,Maisprach,169.85507246376812
1169,Maladers,174.1135531135531
1170,Malans,165.95114006514657
1171,Malters,157.17661097852027
1172,Mammern,176.35423197492162
1173,Mandach,164.47120418848166
1174,Manno,142.7710663683818
1175,Maracon,158.68954248366012
1176,Marbach (SG),163.70901287553647
1177,Marchissy,155.55395683453239
1178,Marly,151.91616465863453
1179,Maroggia,144.1786542923434
1180,Marsens,152.6012323943662
1181,Marthalen,162.1586679725759
1182,Martigny,162.4487443778111
1183,Martigny-Combe,165.3588195841717
1184,Maschwanden,160.83792048929664
1185,Masein,168.79681274900398
1186,Massagno,146.39369043706867
1187,Massongex,162.37047101449275
1188,Massonnens,159.82874617737002
1189,Mathod,151.14739884393063
1190,Mathon,191.78125
1191,Matran,144.97294938917975
1192,Matten bei Interlaken,162.36898395721926
1193,Mattstetten,160.13333333333333
1194,Matzendorf,170.63391655450874
1195,Matzingen,167.20426287744226
1196,Mauborget,169.87142857142857
1197,Mauensee,161.6361829025845
1198,Maur,166.1034045635639
1199,Mauraz,170.79310344827587
1200,Medel (Lucmagn),180.21621621621622
1201,Meggen,166.88837713356813
1202,Meienried,166.04444444444445
1203,Meierskappel,164.87027027027028
1204,Meikirch,160.4303310238645
1205,Meilen,168.35327278421548
1206,Meinier,158.8004846526656
1207,Meinisberg,165.22139673105497
1208,Meiringen,162.46646473388142
1209,Meisterschwanden,165.36742034943472
1210,Melano,145.6837899543379
1211,Melchnau,166.22757697456493
1212,Melide,147.89142335766422
1213,Mellikon,177.51127819548873
1214,Mellingen,162.89948186528497
1215,Mels,164.04694419840567
1216,Meltingen,164.07520891364902
1217,Mendrisio,145.31386861313868
1218,Menziken,164.78737034777302
1219,Menzingen,166.8418688230009
1220,Menznau,167.90831815421978
1221,Merenschwand,162.40987780040734
1222,Mergoscia,146.10169491525423
1223,Merishausen,171.5438596491228
1224,Mervelier,162.1546762589928
1225,Merzligen,157.97881355932202
1226,Mesocco,158.64227642276424
1227,Messen,161.8122270742358
1228,Mettauertal,167.390263367917
1229,Mettembert,156.97297297297297
1230,Mettmenstetten,159.83106716110424
1231,Metzerlen-Mariastein,166.289156626506
1232,Mex (VD),150.63021868787277
1233,Meyriez,156.7891373801917
1234,Meyrin,155.04600674034015
1235,Mezzovico-Vira,143.59125315391086
1236,Mies,166.593537414966
1237,Miglieglia,145.5297619047619
1238,Milvignes,152.4060942889996
1239,Minusio,148.2437369519833
1240,Mirchel,167.51057401812687
1241,Misery-Courtion,155.05810147299508
1242,Missy,149.78604651162792
1243,Miège,165.84043848964677
1244,Moiry,147.3879781420765
1245,Mollens (VD),163.82857142857142
1246,Molondin,157.22695035460993
1247,Mont-Noble,169.07733333333334
1248,Mont-Tramelan,176.10843373493975
1249,Mont-Vully,154.36651053864168
1250,Mont-la-Ville,153.90661478599222
1251,Mont-sur-Rolle,155.55640138408305
1252,Montagny (FR),152.39662994167207
1253,Montagny-près-Yverdon,126.17038875103391
1254,Montanaire,150.35965453423813
1255,Montcherand,148.96797153024912
1256,Monteceneri,144.9735294117647
1257,Monteggio,149.72992700729927
1258,Montet (Glâne),148.7396694214876
1259,Montfaucon,164.99068322981367
1260,Montherod,155.52317880794703
1261,Monthey,161.182153671461
1262,Montilliez,151.0493273542601
1263,Montpreveyres,148.77513227513228
1264,Montreux,159.4605371711431
1265,Montricher,149.74537037037038
1266,Moosleerau,165.20572450805008
1267,Moosseedorf,151.69026548672565
1268,Morbio Inferiore,144.69559032716927
1269,Morcote,166.109126984127
1270,Morges,150.3863201094391
1271,Morlon,153.60845070422536
1272,Morrens (VD),153.15625
1273,Morschach,176.29137931034484
1274,Mosnang,173.93495400788436
1275,Moudon,153.54152367879203
1276,Moutier,158.28231201498528
1277,Movelier,159.015873015873
1278,Muhen,162.98935698447895
1279,Mumpf,158.07033997655333
1280,Muntelier,154.9724770642202
1281,Muolen,165.7791601866252
1282,Muotathal,180.7714895888948
1283,Muralto,150.94538745387453
1284,Murgenthal,167.88780487804877
1285,Muri (AG),160.9726507713885
1286,Muri bei Bern,164.4387107018101
1287,Muriaux,168.39236111111111
1288,Murten,154.8851498046027
1289,Mutrux,152.77
1290,Muttenz,168.8755213764338
1291,Muzzano,147.0472027972028
1292,Mägenwil,160.37377543330823
1293,Männedorf,164.5259006608399
1294,Märstetten,165.1131855309218
1295,Ménières,151.0891472868217
1296,Mézières (FR),156.6109375
1297,Möhlin,161.24465600862223
1298,Mönchaltorf,159.7340031729244
1299,Mönthal,165.23134328358208
1300,Mörel-Filet,172.1939393939394
1301,Mörigen,165.48393194706995
1302,Möriken-Wildegg,164.44380874540252
1303,Mörschwil,165.1533613445378
1304,Mötschwil,182.06060606060606
1305,Mühlau,166.03290414878398
1306,Mühleberg,159.9004457652303
1307,Mühlethurnen,159.5703001579779
1308,Müllheim,162.29694323144105
1309,Mülligen,160.61374795417348
1310,Mümliswil-Ramiswil,167.32407407407408
1311,Münchenbuchsee,158.48114143920594
1312,Münchenstein,170.09189797449363
1313,Münchenwiler,166.4102564102564
1314,Münchwilen (AG),160.20348837209303
1315,Münchwilen (TG),161.49901120632828
1316,Münsingen,159.53671421024828
1317,Münsterlingen,163.63757225433525
1318,Müntschemier,163.47869674185463
1319,Naters,170.6755624172916
1320,Nebikon,158.7272122421823
1321,Neckertal,176.13076533198176
1322,Neerach,166.08627648839555
1323,Neftenbach,163.45144448311868
1324,Neggio,152.23711340206185
1325,Nendaz,173.83404894804636
1326,Nenzlingen,175.86037735849055
1327,Nesslau,182.87356893977102
1328,Neuchâtel,153.79064472057772
1329,Neuendorf,160.29477020602218
1330,Neuenegg,159.65873015873015
1331,Neuenhof,163.76877723660598
1332,Neuenkirch,159.3114924596984
1333,Neuhausen am Rheinfall,168.9918430335097
1334,Neuheim,167.35735512630015
1335,Neunforn,168.5273556231003
1336,Neunkirch,164.10041841004184
1337,Neyruz (FR),147.76040172166427
1338,Nidau,161.8503907703759
1339,Niederbipp,164.36781179985064
1340,Niederbuchsiten,161.94358251057827
1341,Niederbüren,167.55397390272836
1342,Niederdorf,172.69223205506393
1343,Niedergesteln,173.7093023255814
1344,Niederglatt,162.71422940480883
1345,Niedergösgen,167.6037456875308
1346,Niederhasli,160.8920109037534
1347,Niederhelfenschwil,163.78459687123947
1348,Niederhünigen,166.27963525835867
1349,Niederlenz,163.84024713150927
1350,Niedermuhlern,173.8443113772455
1351,Niederried bei Interlaken,169.0939226519337
1352,Niederrohrdorf,161.73205964585276
1353,Niederweningen,160.67414965986396
1354,Niederwil (AG),162.49272727272728
1355,Niederönz,157.14186046511628
1356,Nods,161.6699801192843
1357,Noréaz,146.68765133171914
1358,Nottwil,157.77895266868077
1359,Novaggio,149.60479041916167
1360,Novalles,161.85294117647058
1361,Novazzano,145.00061349693252
1362,Noville,152.40657698056802
1363,Nuglar-St. Pantaleon,170.5421836228288
1364,Nunningen,171.63528336380256
1365,Nusshof,172.8969696969697
1366,Nuvilly,148.67391304347825
1367,Nyon,154.60601786553832
1368,Nürensdorf,164.08927464352138
1369,Oberbalm,177.6511111111111
1370,Oberbipp,164.38326848249028
1371,Oberbuchsiten,162.34105720492397
1372,Oberburg,164.8045584045584
1373,Oberbüren,164.54949784791967
1374,Oberdiessbach,166.37222808870115
1375,Oberdorf (BL),173.93203058623618
1376,Oberdorf (NW),157.92483463619965
1377,Oberdorf (SO),158.5482717520858
1378,Oberegg,175.5483592400691
1379,Oberembrach,163.48079877112136
1380,Oberems,167.59649122807016
1381,Oberengstringen,163.21278863232683
1382,Oberentfelden,160.8364794714488
1383,Obergerlafingen,162.4346103038309
1384,Oberglatt,162.5721092757306
1385,Obergoms,180.62222222222223
1386,Obergösgen,163.0184409052808
1387,Oberhallau,180.24066390041494
1388,Oberhelfenschwil,172.05753424657533
1389,Oberhof,171.32698412698412
1390,Oberhofen am Thunersee,162.66199649737302
1391,Oberhünigen,167.59756097560975
1392,Oberiberg,176.25473684210527
1393,Oberkirch,154.87084870848707
1394,Oberkulm,167.86869384934346
1395,Oberlangenegg,171.8484107579462
1396,Oberlunkhofen,164.59673258813413
1397,Obermumpf,166.4576
1398,Oberried am Brienzersee,167.05045871559633
1399,Oberrieden,165.4545045045045
1400,Oberriet (SG),163.1967438211063
1401,Oberrohrdorf,164.7964641885766
1402,Oberrüti,159.18421052631578
1403,Obersa Mundaun,174.74127906976744
1404,Obersiggenthal,163.91040462427745
1405,Obersteckholz,166.8564814814815
1406,Oberthal,175.68617021276594
1407,Oberuzwil,163.8374760994264
1408,Oberweningen,165.24536082474228
1409,Oberwil (BL),173.61956311618016
1410,Oberwil bei Büren,161.24324324324326
1411,Oberwil im Simmental,195.96288209606988
1412,Oberwil-Lieli,170.8891472868217
1413,Oberägeri,173.40096327513547
1414,Obfelden,159.8362800565771
1415,Ochlenberg,176.90506329113924
1416,Oekingen,155.61410788381744
1417,Oensingen,161.1843220338983
1418,Oeschenbach,172.1978021978022
1419,Oeschgen,163.95245901639345
1420,Oetwil am See,162.21293692245882
1421,Oetwil an der Limmat,168.6067415730337
1422,Oftringen,159.31950702358867
1423,Ogens,157.22448979591837
1424,Ollon,164.81381530081703
1425,Olsberg,167.02620087336246
1426,Olten,160.74876373626373
1427,Oltingen,171.56306306306305
1428,Onex,157.82808616404307
1429,Onnens (VD),146.80132450331126
1430,Onsernone,147.4550408719346
1431,Opfikon,160.57700421940928
1432,Oppens,167.33333333333334
1433,Oppligen,164.04054054054055
1434,Orbe,149.81284990669155
1435,Orges,148.82857142857142
1436,Origlio,148.4157832744405
1437,Ormalingen,165.47495826377295
1438,Ormont-Dessous,170.57440476190476
1439,Ormont-Dessus,169.19188596491227
1440,Orny,158.04736842105262
1441,Oron,151.54228004108182
1442,Orpund,158.5634110787172
1443,Orselina,156.90631364562117
1444,Orsières,171.66583291645824
1445,Orvin,164.59195402298852
1446,Orzens,151.39285714285714
1447,Ossingen,162.56642512077295
1448,Ostermundigen,159.1585194440106
1449,Otelfingen,158.80160197165742
1450,Othmarsingen,160.1757575757576
1451,Ottenbach,159.48391708363116
1452,Oulens-sous-Echallens,151.34963325183375
1453,Pailly,149.0172910662824
1454,Pampigny,152.5348506401138
1455,Paradiso,157.55102040816325
1456,Paudex,161.49019607843138
1457,Payerne,151.70647653000594
1458,Penthalaz,147.63120567375887
1459,Penthaz,149.07760141093473
1460,Penthéréaz,147.52189781021897
1461,Perly-Certoux,152.56457564575646
1462,Perrefitte,163.98154981549814
1463,Perroy,155.71540178571428
1464,Personico,153.0214592274678
1465,Peseux,152.71979985704075
1466,Petit-Val,171.9795918367347
1467,Pfaffnau,159.72783505154638
1468,Pfeffingen,173.0310421286031
1469,Pfungen,159.0548370408691
1470,Pfyn,167.55829228243022
1471,Pfäfers,175.48457583547557
1472,Pfäffikon,161.0136592379583
1473,Pierrafortscha,161.11494252873564
1474,Pieterlen,162.70823745973308
1475,Plaffeien,164.21069920225247
1476,Plan-les-Ouates,153.82072977260708
1477,Plasselb,160.39246467817895
1478,Plateau de Diesse,159.8724279835391
1479,Pleigne,165.33476394849785
1480,Pohlern,171.41666666666666
1481,Poliez-Pittet,152.48220640569394
1482,Pollegio,148.80657640232107
1483,Pompaples,150.27944572748268
1484,Pomy,150.04555808656036
1485,Pont-en-Ogoz,154.42450388265746
1486,Pont-la-Ville,153.2620320855615
1487,Ponte Capriasca,149.00533333333334
1488,Ponte Tresa,150.13492063492063
1489,Ponthaux,148.68232662192395
1490,Pontresina,182.24702144559174
1491,Porrentruy,153.3519053117783
1492,Port,160.98970840480274
1493,Port-Valais,160.17665995975855
1494,Porza,152.60518444666002
1495,Poschiavo,179.25918367346938
1496,Prangins,156.6480248557479
1497,Prato (Leventina),150.89121338912133
1498,Pratteln,165.44469783352338
1499,Pregny-Chambésy,168.61695607763025
1500,Premier,155.03846153846155
1501,Presinge,160.70391061452514
1502,Prez-vers-Noréaz,148.75867269984917
1503,Prilly,151.49682034976152
1504,Provence,169.79310344827587
1505,Préverenges,151.70031109574836
1506,Prévondavaux,154.725
1507,Prévonloup,157.64601769911505
1508,Puidoux,156.09029484029483
1509,Pully,157.05504261363637
1510,Puplinge,155.66533226581265
1511,Pura,147.16602316602317
1512,Péry-La Heutte,162.76072449952335
1513,Quarten,169.4448030987734
1514,Quinto,155.05745341614906
1515,Radelfingen,162.40856031128405
1516,Rafz,158.51855047454703
1517,Rain,155.38447088290545
1518,Ramlinsburg,171.0738255033557
1519,Ramsen,169.61611374407582
1520,Rances,152.95049504950495
1521,Randa,176.72340425531914
1522,Raperswilen,173.3181818181818
1523,Rapperswil (BE),160.84605087014725
1524,Rapperswil-Jona,162.68348930481284
1525,Raron,170.375
1526,Realp,169.20454545454547
1527,Rebstein,163.4013130898646
1528,Rebévelier,163.76923076923077
1529,Recherswil,158.12379421221866
1530,Rechthalten,157.527665317139
1531,Reconvilier,158.32874493927125
1532,Regensberg,160.70416666666668
1533,Regensdorf,156.65262727458597
1534,Rehetobel,171.60046189376445
1535,Reichenbach im Kandertal,171.56479690522244
1536,Reichenburg,167.9308885754584
1537,Reiden,157.22521389028685
1538,Reigoldswil,170.1843137254902
1539,Reinach (AG),168.2052095130238
1540,Reinach (BL),166.17350399299858
1541,Reisiswil,184.63963963963963
1542,Reitnau,162.30983847283406
1543,Rekingen (AG),168.9517625231911
1544,Remaufens,151.2373887240356
1545,Remetschwil,168.35042735042734
1546,Remigen,165.90140845070422
1547,Renan (BE),163.6992337164751
1548,Renens (VD),152.10024767071587
1549,Rennaz,154.93715341959336
1550,Reute (AR),169.47258485639688
1551,Reutigen,165.17068645640074
1552,Reverolle,144.850622406639
1553,Rheinau,160.62704309063892
1554,Rheineck,163.922256097561
1555,Rheinfelden,161.40690013869624
1556,Rhäzüns,167.60623229461757
1557,Riaz,150.51221001221
1558,Richterswil,159.7073054273436
1559,Rickenbach (BL),171.40625
1560,Rickenbach (LU),161.9130211013896
1561,Rickenbach (SO),157.7254601226994
1562,Rickenbach (TG),164.7443298969072
1563,Rickenbach (ZH),162.9105180533752
1564,Riddes,164.5131775236201
1565,Ried bei Kerzers,162.44655929721816
1566,Ried-Brig,169.19507575757575
1567,Riederalp,175.5506329113924
1568,Riedholz,163.2567365269461
1569,Riehen,166.36579717211117
1570,Riemenstalden,202.86486486486487
1571,Rietheim,162.50531914893617
1572,Rifferswil,154.5653021442495
1573,Riggisberg,169.91970310391363
1574,Ringgenberg (BE),163.557003257329
1575,Riniken,162.55858310626704
1576,Risch,159.8228417266187
1577,Riva San Vitale,145.26508875739646
1578,Rivaz,153.8923076923077
1579,Riviera,146.89505024190547
1580,Roche (VD),154.25252525252526
1581,Rochefort,158.23056653491437
1582,Roches (BE),164.12
1583,Rodersdorf,167.07967479674798
1584,Roggenburg,176.7716049382716
1585,Roggliswil,162.67083333333332
1586,Roggwil (BE),161.42946557534907
1587,Roggwil (TG),165.19435736677116
1588,Rohr (SO),181.73333333333332
1589,Rohrbach,167.14046822742475
1590,Rohrbachgraben,167.9265306122449
1591,Rolle,156.67537091988132
1592,Romainmôtier-Envy,152.45307443365695
1593,Romanel-sur-Lausanne,147.79699953117674
1594,Romanel-sur-Morges,149.0105708245243
1595,Romanshorn,165.33204707698243
1596,Romont (BE),176.13953488372093
1597,Romont (FR),154.90764331210192
1598,Romoos,186.56637168141592
1599,Ronco sopra Ascona,160.06873614190687
1600,Rongellen,175.61764705882354
1601,Root,156.2922262922263
1602,Ropraz,152.12367491166077
1603,Rorbas,158.95151089248068
1604,Rorschach,164.73469387755102
1605,Rorschacherberg,161.98647917793403
1606,Rossa,158.71698113207546
1607,Rossemaison,157.7275204359673
1608,Rossenges,166.275
1609,Rossinière,171.9963503649635
1610,Rothenbrunnen,164.24375
1611,Rothenburg,153.0683025550215
1612,Rothenfluh,173.75771971496437
1613,Rothenthurm,173.16392215568862
1614,Rothrist,161.77240723120838
1615,Rottenschwil,165.52107279693487
1616,Rougemont,187.35681470137825
1617,Roveredo (GR),150.10116492949112
1618,Rovio,147.14912280701753
1619,Rovray,157.09278350515464
1620,Rubigen,158.15663474692204
1621,Rudolfstetten-Friedlisberg,164.54014272970562
1622,Rue,155.06105263157895
1623,Rueyres,144.0359712230216
1624,Rumendingen,179.64285714285714
1625,Rumisberg,174.8068535825545
1626,Rupperswil,163.2837793194582
1627,Russikon,163.99362515937102
1628,Russin,155.0809968847352
1629,Ruswil,160.64648615759052
1630,Römerswil,160.11448275862068
1631,Röschenz,173.15009940357854
1632,Röthenbach im Emmental,180.72727272727272
1633,Rüderswil,166.72430870821296
1634,Rüdlingen,167.3661971830986
1635,Rüdtligen-Alchenflüh,160.22610141313382
1636,Rüeggisberg,178.00094428706328
1637,Rüegsau,167.82189239332095
1638,Rüfenach,164.80645161290323
1639,Rümikon,169.56451612903226
1640,Rümlang,160.28378709835664
1641,Rümligen,169.70731707317074
1642,Rümlingen,168.6788617886179
1643,Rünenberg,173.24009324009324
1644,Rüschegg,171.8484555984556
1645,Rüschlikon,170.34536082474227
1646,Rüte,172.54159132007234
1647,Rüthi (SG),161.59914712153517
1648,Rüti (ZH),159.11667266834715
1649,Rüti bei Büren,162.81593927893738
1650,Rüti bei Lyssach,166.3125
1651,Rütschelen,163.20766773162939
1652,Rüttenen,162.03561253561253
1653,S-chanf,189.11845102505694
1654,Saanen,194.5373166994966
1655,Saas-Almagell,174.28070175438597
1656,Saas-Balen,166.73333333333332
1657,Saas-Fee,177.9601593625498
1658,Saas-Grund,180.7079107505071
1659,Sachseln,160.346845124283
1660,Safenwil,162.9293257514216
1661,Safiental,174.43467933491686
1662,Safnern,160.6654578422484
1663,Sagogn,168.9556786703601
1664,Saicourt,164.5810810810811
1665,Saignelégier,156.08632138114208
1666,Saillon,160.75737898465172
1667,Saint-Aubin (FR),151.86215538847117
1668,Saint-Barthélemy (VD),149.14799154334037
1669,Saint-Blaise,151.98487304159914
1670,Saint-Brais,165.37383177570092
1671,Saint-Cergue,160.63368983957218
1672,Saint-George,161.24170616113744
1673,Saint-Gingolph,165.87737478411054
1674,Saint-Imier,159.95236188951162
1675,Saint-Livres,152.77721518987343
1676,Saint-Légier-La Chiésaz,153.37207748830994
1677,Saint-Léonard,162.8392026578073
1678,Saint-Martin (FR),157.11494252873564
1679,Saint-Martin (VS),169.54214123006832
1680,Saint-Maurice,162.2824175824176
1681,Saint-Oyens,151.18217054263565
1682,Saint-Prex,155.4279711884754
1683,Saint-Saphorin (Lavaux),148.79710144927537
1684,Saint-Sulpice (VD),152.94196222938737
1685,Sainte-Croix,159.49626701800614
1686,Salenstein,170.04842931937173
1687,Salgesch,168.61782178217823
1688,Salmsach,167.43386243386243
1689,Salvan,164.58983451536642
1690,Samedan,179.95383693045562
1691,Samnaun,179.77570093457945
1692,San Vittore,147.0565371024735
1693,Sant'Antonino,144.59504132231405
1694,Santa Maria in Calanca,153.26315789473685
1695,Sargans,163.01226597805035
1696,Sarmenstorf,163.63379434756465
1697,Sarnen,162.77341442224153
1698,Satigny,154.93786764705882
1699,Sattel,173.5450490633363
1700,Saubraz,155.86290322580646
1701,Sauge,170.58503401360545
1702,Saulcy,167.78531073446328
1703,Saules (BE),161.9418604651163
1704,Savigny,156.36588851834208
1705,Savièse,165.6500812347685
1706,Savosa,146.98123980424143
1707,Saxeten,194.4915254237288
1708,Saxon,167.36094986807387
1709,Schaffhausen,164.3390557939914
1710,Schafisheim,162.70965842167254
1711,Schangnau,184.85614035087718
1712,Scharans,172.00228310502283
1713,Schattdorf,160.16399043389134
1714,Schattenhalb,167.78656126482213
1715,Schelten,204.68421052631578
1716,Schenkon,158.14812712826333
1717,Scheuren,164.33076923076922
1718,Schiers,169.60885082084226
1719,Schinznach,165.57198443579767
1720,Schinznach-Bad,158.43297872340426
1721,Schlatt (TG),167.60771401693322
1722,Schlatt (ZH),165.40106951871658
1723,Schlatt-Haslen,176.73858267716537
1724,Schleinikon,165.88084112149534
1725,Schleitheim,172.95584988962472
1726,Schlierbach,161.36116910229646
1727,Schlieren,157.22532740879328
1728,Schlossrued,171.30783582089552
1729,Schluein,174.0994623655914
1730,Schmerikon,163.74225663716814
1731,Schmiedrued,164.87119113573408
1732,Schmitten (FR),154.5943866002716
1733,Schmitten (GR),175.03703703703704
1734,Schneisingen,165.68470588235294
1735,Schnottwil,162.33475177304965
1736,Schongau,165.40705128205127
1737,Schupfart,164.54770992366412
1738,Schwaderloch,171.22602739726028
1739,Schwadernau,166.8848167539267
1740,Schwanden bei Brienz,165.3929712460064
1741,Schwarzenberg,167.81198347107437
1742,Schwarzenburg,164.686
1743,Schwarzhäusern,163.89583333333334
1744,Schwellbrunn,177.94125326370758
1745,Schwende,168.83179297597042
1746,Schwendibach,172.05384615384617
1747,Schwerzenbach,159.64658273381295
1748,Schwyz,162.3066367265469
1749,Schänis,167.75090252707582
1750,Schöfflisdorf,166.0026178010471
1751,Schöftland,163.43351691581432
1752,Schönenbuch,178.3641975308642
1753,Schönengrund,170.59052924791087
1754,Schönenwerd,163.7284934955938
1755,Schönholzerswilen,174.1198347107438
1756,Schötz,161.00198176773682
1757,Schübelbach,165.20339976553342
1758,Schüpfen,161.07416879795397
1759,Schüpfheim,169.80558183538315
1760,Scuol,176.87119932432432
1761,Seeberg,165.0405643738977
1762,Seedorf (BE),162.35710306406685
1763,Seedorf (UR),161.7391304347826
1764,Seegräben,160.2581081081081
1765,Seehof,198.88095238095238
1766,Seelisberg,170.1915422885572
1767,Seengen,162.88295165394402
1768,Seewen,177.7034795763994
1769,Seewis im Prättigau,170.91159420289856
1770,Seftigen,162.83600377002827
1771,Seltisberg,163.89777777777778
1772,Selzach,163.55110024449877
1773,Sembrancher,169.36908077994428
1774,Sempach,156.266318537859
1775,Semsales,156.29365079365078
1776,Senarclens,151.0
1777,Sennwald,165.1202023207379
1778,Senèdes,153.29591836734693
1779,Seon,164.65966101694914
1780,Sergey,157.0581395348837
1781,Serravalle,151.88147566718996
1782,Servion,152.8065573770492
1783,Sessa,149.57692307692307
1784,Seuzach,159.19000261711594
1785,Sevelen,162.9013698630137
1786,Siblingen,171.66122448979593
1787,Sierre,162.88204656862746
1788,Siglistorf,170.97142857142856
1789,Signau,169.4364123159304
1790,Signy-Avenex,153.77037037037036
1791,Sigriswil,171.1185682326622
1792,Silenen,164.26760563380282
1793,Sils im Domleschg,167.8042226487524
1794,Sils im Engadin/Segl,184.2962085308057
1795,Silvaplana,187.28483920367535
1796,Simplon,174.875
1797,Sins,160.31425976385106
1798,Sion,163.21388162586166
1799,Sirnach,162.0262917238226
1800,Siselen,167.67062314540058
1801,Sisikon,170.71204188481676
1802,Sissach,165.1180811808118
1803,Sisseln,161.58979808714133
1804,Siviriez,156.28384279475983
1805,Soazza,156.37727272727273
1806,Solothurn,158.39809848854216
1807,Sommeri,169.0952380952381
1808,Sonceboz-Sombeval,156.17549019607844
1809,Sonogno,153.67441860465115
1810,Sonvilier,164.3710482529118
1811,Soral,156.6659707724426
1812,Sorengo,151.80903490759755
1813,Sorens,159.051775147929
1814,Sorvilier,161.6141304347826
1815,Soubey,169.325
1816,Soyhières,160.98257839721254
1817,Speicher,163.4560185185185
1818,Spiez,163.4249911126911
1819,Spiringen,175.521645021645
1820,Spreitenbach,163.41692131398014
1821,St. Antoni,157.08374384236453
1822,St. Gallen,160.08185651228672
1823,St. Margrethen,165.8645513476629
1824,St. Moritz,187.8993448481239
1825,St. Niklaus,176.79330543933054
1826,St. Silvester,159.72785829307568
1827,St. Stephan,182.7554054054054
1828,St. Ursen,158.09583333333333
1829,Stabio,141.90278657378087
1830,Stadel,160.86913767019666
1831,Staffelbach,164.82291666666666
1832,Stalden (VS),173.24019607843138
1833,Staldenried,174.76953125
1834,Stallikon,162.60351058337636
1835,Stans,157.47666226332012
1836,Stansstad,163.98804780876495
1837,Starrkirch-Wil,163.75837320574163
1838,Staufen,160.5420168067227
1839,Steckborn,163.20138150903296
1840,Steffisburg,160.4033939070016
1841,Steg-Hohtenn,172.29254727474972
1842,Stein (AG),163.5990813648294
1843,Stein (AR),170.87516254876462
1844,Stein am Rhein,169.0646476412347
1845,Steinach,160.46868583162217
1846,Steinen,166.72586872586874
1847,Steinerberg,173.4704724409449
1848,Steinhausen,161.32359003185312
1849,Steinmaur,160.61763143919276
1850,Stetten (AG),163.27223088923557
1851,Stetten (SH),164.3533724340176
1852,Stettfurt,165.62408223201174
1853,Stettlen,161.78612716763007
1854,Stocken-Höfen,165.66498316498317
1855,Strengelbach,158.28423566878982
1856,Studen (BE),160.98556357579122
1857,Stäfa,163.4244221411192
1858,Stüsslingen,169.7131661442006
1859,Subingen,159.5506631299735
1860,Suchy,151.175
1861,Sufers,170.1081081081081
1862,Suhr,162.5453512161855
1863,Sulgen,166.73545454545456
1864,Sullens,153.51057401812687
1865,Sumiswald,169.16599486991572
1866,Sumvitg,172.6698262243286
1867,Surpierre,153.2694877505568
1868,Sursee,153.9746287128713
1869,Surses,175.24295774647888
1870,Suscévaz,148.97391304347826
1871,Sutz-Lattrigen,165.02538787023977
1872,Syens,169.49425287356323
1873,Sâles,157.5199543899658
1874,Sévaz,149.63874345549738
1875,Sévery,156.56849315068493
1876,Tafers,154.40842105263158
1877,Tamins,164.6752
1878,Tannay,164.69519343493553
1879,Tartegnin,160.82035928143713
1880,Tavannes,159.4092563702548
1881,Tecknau,163.9416445623342
1882,Tegerfelden,166.11
1883,Tenero-Contra,144.890756302521
1884,Tenniken,172.97974217311233
1885,Tentlingen,155.34375
1886,Termen,169.24634655532358
1887,Terre di Pedemonte,147.2018288700196
1888,Teufen (AR),169.8441867380315
1889,Teufenthal (AG),167.69143446852425
1890,Teuffenthal (BE),184.4113475177305
1891,Thal,163.1052206673843
1892,Thalheim (AG),169.93009708737864
1893,Thalheim an der Thur,160.26425855513307
1894,Thalwil,163.79850034083162
1895,Thayngen,166.2064846416382
1896,Therwil,168.08337009263343
1897,Thierachern,160.5374894692502
1898,Thun,160.69621407121406
1899,Thundorf,164.20387096774195
1900,Thunstetten,163.41243243243244
1901,Thusis,169.4431279620853
1902,Thônex,160.12129976182376
1903,Thörigen,160.25801526717558
1904,Thürnen,161.8957142857143
1905,Titterten,164.55
1906,Tobel-Tägerschen,164.85699797160242
1907,Toffen,161.71006813020438
1908,Tolochenaz,151.02814423922604
1909,Torny,154.02654867256638
1910,Torricella-Taverne,143.58243902439025
1911,Trachselwald,175.5401337792642
1912,Tramelan,160.37004405286345
1913,Trasadingen,173.27692307692308
1914,Treiten,163.40963855421685
1915,Trey,151.18354430379748
1916,Treycovagnes,149.82698961937717
1917,Treytorrens (Payerne),151.82608695652175
1918,Treyvaux,150.84497041420119
1919,Triengen,160.75312989045383
1920,Trient,172.55670103092783
1921,Trimbach,164.288322556105
1922,Trimmis,164.0625
1923,Trin,170.0449141347424
1924,Trogen,174.1551939924906
1925,Troinex,158.09377049180327
1926,Troistorrents,170.40516698172652
1927,Trub,178.80769230769232
1928,Trubschachen,167.2564417177914
1929,Trun,171.70387596899224
1930,Truttikon,165.38339920948616
1931,Trélex,163.98534798534797
1932,Trüllikon,162.35993208828523
1933,Tschappina,175.67441860465115
1934,Tschiertschen-Praden,181.80132450331126
1935,Tschugg,159.56603773584905
1936,Tuggen,165.14113098115033
1937,Tujetsch,172.98650674662667
1938,Turbenthal,166.7856836690956
1939,Turgi,161.68792401628224
1940,Turtmann-Unterems,177.044094488189
1941,Twann-Tüscherz,163.70315091210614
1942,Tägerig,163.82375478927204
1943,Tägerwilen,161.48151093439364
1944,Täsch,175.36400817995911
1945,Täuffelen,159.5883870967742
1946,Tévenon,155.19845857418113
1947,Törbel,185.42801556420233
1948,Tübach,159.62782805429865
1949,Udligenswil,157.21261884183232
1950,Ueberstorf,158.28057553956833
1951,Uebeschi,168.8394366197183
1952,Ueken,161.20980392156864
1953,Uerkheim,164.35479797979798
1954,Uesslingen-Buch,169.62608695652173
1955,Uetendorf,162.57160305343513
1956,Uetikon am See,166.43467336683418
1957,Uezwil,164.6
1958,Ufhusen,172.0107334525939
1959,Uitikon,173.12226871222688
1960,Ulmiz,156.26666666666668
1961,Unterbäch,170.55364806866953
1962,Untereggen,167.66285714285715
1963,Unterengstringen,163.6351931330472
1964,Unterentfelden,162.36543335022807
1965,Unteriberg,177.04336043360433
1966,Unterkulm,166.97112366603892
1967,Unterlangenegg,172.4265060240964
1968,Unterlunkhofen,163.40473372781065
1969,Unterramsern,159.49640287769785
1970,Unterschächen,172.9236641221374
1971,Unterseen,162.91516169676606
1972,Untersiggenthal,163.41810620601407
1973,Untervaz,163.50673281360736
1974,Unterägeri,165.8377132319041
1975,Urdorf,159.2029180264926
1976,Urmein,177.11827956989248
1977,Urnäsch,178.66193853427896
1978,Ursenbach,169.53892215568862
1979,Ursins,149.29850746268656
1980,Ursy,153.88986556359876
1981,Urtenen-Schönbühl,155.42793931731984
1982,Uster,159.82926148261902
1983,Uttigen,162.23367346938775
1984,Uttwil,168.18163054695563
1985,Utzenstorf,157.59956803455722
1986,Uznach,162.3880890052356
1987,Uzwil,162.635296010296
1988,Vacallo,143.29451722464822
1989,Val Müstair,181.343537414966
1990,Val Terbi,159.59146341463415
1991,Val-d'Illiez,174.54058313632783
1992,Val-de-Charmey,159.08043626448534
1993,Val-de-Ruz,154.3647449029363
1994,Val-de-Travers,156.96624816566117
1995,Valangin,154.31921824104234
1996,Valbirse,157.14298323036186
1997,Valbroye,152.9468196037539
1998,Valeyres-sous-Montagny,147.67407407407407
1999,Valeyres-sous-Rances,152.92105263157896
2000,Valeyres-sous-Ursins,141.75968992248062
2001,Vallon,148.5
2002,Vallorbe,156.9624139756485
2003,Vals,182.76209677419354
2004,Valsot,179.84449244060474
2005,Vandoeuvres,173.0824135393672
2006,Varen,174.11671087533156
2007,Vaulion,154.33666666666667
2008,Vaulruz,157.08904109589042
2009,Vaux-sur-Morges,152.66101694915255
2010,Vaz/Obervaz,176.5273892773893
2011,Vechigen,160.77220520673814
2012,Veltheim (AG),164.91904761904763
2013,Vendlincourt,160.43413173652695
2014,Venthône,164.2639534883721
2015,Vernate,143.9469696969697
2016,Vernayaz,164.30868167202573
2017,Vernier,159.3062385836729
2018,Versoix,160.4652442073679
2019,Vevey,152.98997354128952
2020,Vex,168.3564530289728
2021,Veyras,159.9677130044843
2022,Veyrier,160.23450834879407
2023,Veysonnaz,169.7962962962963
2024,Veytaux,154.8779761904762
2025,Vezia,146.15766164747563
2026,Vich,158.06102635228848
2027,Vico Morcote,161.93103448275863
2028,Villars-Epeney,152.86764705882354
2029,Villars-Sainte-Croix,155.3132678132678
2030,Villars-le-Comte,147.6219512195122
2031,Villars-le-Terroir,150.28652482269504
2032,Villars-sous-Yens,151.85558583106268
2033,Villars-sur-Glâne,149.78449007296794
2034,Villarsel-sur-Marly,156.43478260869566
2035,Villarzel,157.33584905660376
2036,Villaz-Saint-Pierre,154.92875
2037,Villeneuve (VD),155.14307633294976
2038,Villeret,160.22845691382764
2039,Villigen,163.1404109589041
2040,Villmergen,164.43252121543935
2041,Villnachern,159.56782713085235
2042,Villorsonnens,158.5150462962963
2043,Vilters-Wangs,162.90484071162598
2044,Vinelz,162.64426877470356
2045,Vinzel,153.57777777777778
2046,Vionnaz,158.6718592964824
2047,Visp,171.69232625482624
2048,Visperterminen,170.11623616236162
2049,Vitznau,166.48219178082192
2050,Vogorno,152.78021978021977
2051,Volken,167.47916666666666
2052,Volketswil,160.9641727059304
2053,Vollèges,169.5402124430956
2054,Vordemwald,159.72924187725633
2055,Vorderthal,177.03322784810126
2056,Vouvry,162.4909156976744
2057,Vuadens,152.61315789473684
2058,Vuarrens,150.18197278911563
2059,Vucherens,151.9467787114846
2060,Vufflens-la-Ville,152.4723926380368
2061,Vufflens-le-Château,153.41014799154334
2062,Vugelles-La Mothe,166.8227848101266
2063,Vuisternens-devant-Romont,161.26352288488212
2064,Vuiteboeuf,156.31034482758622
2065,Vulliens,151.56130790190736
2066,Vullierens,151.8628762541806
2067,Vully-les-Lacs,153.05847639484978
2068,Vérossaz,170.29527559055117
2069,Vétroz,165.2842688508793
2070,Wachseldorn,180.13098236775818
2071,Wagenhausen,167.58129175946547
2072,Wahlen,171.23636363636365
2073,Walchwil,182.10160680529302
2074,Wald (AR),174.11242603550295
2075,Wald (BE),163.24056603773585
2076,Wald (ZH),164.9241525423729
2077,Waldenburg,178.92307692307693
2078,Waldkirch,164.9710856519367
2079,Waldstatt,167.41605068637804
2080,Walenstadt,166.0939929328622
2081,Walkringen,169.44455066921606
2082,Wallbach,164.57787610619468
2083,Wallisellen,160.00767681852506
2084,Walliswil bei Niederbipp,166.37012987012986
2085,Walliswil bei Wangen,167.8057742782152
2086,Walperswil,163.49619482496195
2087,Waltenschwil,161.3304144775248
2088,Walterswil (BE),173.3053097345133
2089,Walterswil (SO),168.79136690647482
2090,Walzenhausen,169.1184320266889
2091,Wangen (SZ),165.5047393364929
2092,Wangen an der Aare,158.0261337432744
2093,Wangen bei Olten,162.12603648424545
2094,Wangen-Brüttisellen,161.61946902654867
2095,Wangenried,162.73929961089493
2096,Wartau,165.14517265680055
2097,Warth-Weiningen,166.17780748663102
2098,Wassen,170.80349344978166
2099,Wasterkingen,160.96036585365854
2100,Wattenwil,163.6026755852843
2101,Wattwil,169.85559947299078
2102,Wauwil,159.58536585365854
2103,Weesen,162.82908404154864
2104,Wegenstetten,164.02010050251258
2105,Weggis,168.44909404659188
2106,Weiach,157.6321608040201
2107,Weinfelden,161.1805716173798
2108,Weiningen (ZH),163.013839602555
2109,Weisslingen,164.1006600660066
2110,Welschenrohr,171.7098976109215
2111,Wengi,165.72395833333334
2112,Wenslingen,163.6358839050132
2113,Werthenstein,164.4773519163763
2114,Wettingen,162.96846600240886
2115,Wettswil am Albis,161.32432432432432
2116,Wetzikon (ZH),160.64825555456412
2117,Wichtrach,161.05568445475637
2118,Widen,165.8706942236354
2119,Widnau,160.73723064644852
2120,Wiedlisbach,163.03706563706564
2121,Wiesendangen,160.2002460781298
2122,Wiggiswil,167.49056603773585
2123,Wigoltingen,165.03337969401946
2124,Wikon,159.26211180124224
2125,Wil (SG),162.01685693899393
2126,Wil (ZH),163.50200267022697
2127,Wila,166.79669421487603
2128,Wilchingen,168.2373887240356
2129,Wildberg,167.60980392156864
2130,Wilderswil,166.87260616153205
2131,Wildhaus-Alt St. Johann,180.95435393258427
2132,Wilen (TG),160.11716842961758
2133,Wiler (Lötschen),176.1209677419355
2134,Wiler bei Utzenstorf,157.320987654321
2135,Wileroltigen,158.7311320754717
2136,Wiliberg,171.84347826086957
2137,Willadingen,165.4921875
2138,Willisau,159.8106772120613
2139,Wimmis,167.7776119402985
2140,Windisch,160.42612137203167
2141,Winkel,163.0453026364649
2142,Wintersingen,176.390625
2143,Winterthur,159.96212179339625
2144,Winznau,161.7622950819672
2145,Wisen (SO),162.04032258064515
2146,Wislikofen,171.51052631578946
2147,Wittenbach,162.13400673400673
2148,Witterswil,165.90125173852573
2149,Wittinsburg,159.76284584980237
2150,Wittnau,167.66530612244898
2151,Wohlen (AG),162.97033847625883
2152,Wohlen bei Bern,162.04441294590126
2153,Wohlenschwil,163.83431257344301
2154,Wolfenschiessen,164.30752453653216
2155,Wolfhalden,168.56769374416433
2156,Wolfisberg,172.8090909090909
2157,Wolfwil,163.791932059448
2158,Wolhusen,163.453155625245
2159,Wollerau,177.65823377840243
2160,Worb,161.36303758233242
2161,Worben,158.97301464919045
2162,Wuppenau,170.4689440993789
2163,Wynau,162.81625835189308
2164,Wynigen,170.03805309734514
2165,Wyssachen,171.53939393939393
2166,Wäldi,167.68507462686568
2167,Wängi,165.2462852897474
2168,Wölflinswil,167.19152542372882
2169,Wünnewil-Flamatt,157.91831083419868
2170,Würenlingen,163.8971048513302
2171,Würenlos,162.1780233271946
2172,Yens,152.2998885172798
2173,Yverdon-les-Bains,150.26546167247386
2174,Yvonand,150.94193912063133
2175,Yvorne,155.66615384615383
2176,Zeglingen,164.20689655172413
2177,Zeihen,163.47893258426967
2178,Zeiningen,164.05925925925925
2179,Zell (LU),164.49697493517718
2180,Zell (ZH),162.32665260196904
2181,Zeneggen,172.97222222222223
2182,Zermatt,182.10487353485502
2183,Zernez,184.20672478206725
2184,Zetzwil,168.5436408977556
2185,Ziefen,170.12450331125828
2186,Zielebach,161.14948453608247
2187,Zihlschlacht-Sitterdorf,162.82755842062852
2188,Zillis-Reischen,165.82456140350877
2189,Zizers,166.06102051551815
2190,Zofingen,158.9617587601078
2191,Zollikofen,159.77549724925942
2192,Zollikon,172.58271694028505
2193,Zuchwil,159.34583525080535
2194,Zufikon,163.49088596863078
2195,Zug,171.93685109738468
2196,Zullwil,168.00877192982455
2197,Zumikon,172.4417103670835
2198,Zunzgen,165.88972243060766
2199,Zuoz,183.92352941176472
2200,Zuzgen,165.178
2201,Zuzwil (BE),158.6782334384858
2202,Zuzwil (SG),163.59921763869133
2203,Zweisimmen,179.22810333963454
2204,Zwieselberg,167.15540540540542
2205,Zwingen,172.0482269503546
2206,Zwischbergen,164.15
2207,Zäziwil,163.33812949640287
2208,Zürich,163.1286641730083
